compound,aa_seq,resistance
anidulafungin,ALVLSLRDP,resistant
anidulafungin,DLVLSLRDP,sensitive
anidulafungin,ELVLSLRDP,sensitive
anidulafungin,FAVLSLRDP,resistant
anidulafungin,FCVLSLRDP,sensitive
anidulafungin,FEVLSLRDP,resistant
anidulafungin,FFVLSLRDP,sensitive
anidulafungin,FGVLSLRDP,resistant
anidulafungin,FHVLSLRDP,sensitive
anidulafungin,FIVLSLRDP,sensitive
anidulafungin,FKVLSLRDP,sensitive
anidulafungin,FLALSLRDP,sensitive
anidulafungin,FLCLSLRDP,sensitive
anidulafungin,FLELSLRDP,sensitive
anidulafungin,FLFLSLRDP,sensitive
anidulafungin,FLGLSLRDP,sensitive
anidulafungin,FLHLSLRDP,sensitive
anidulafungin,FLILSLRDP,sensitive
anidulafungin,FLKLSLRDP,resistant
anidulafungin,FLLLSLRDP,sensitive
anidulafungin,FLMLSLRDP,sensitive
anidulafungin,FLPLSLRDP,sensitive
anidulafungin,FLQLSLRDP,sensitive
anidulafungin,FLRLSLRDP,resistant
anidulafungin,FLSLSLRDP,resistant
anidulafungin,FLTLSLRDP,sensitive
anidulafungin,FLVASLRDP,sensitive
anidulafungin,FLVCSLRDP,sensitive
anidulafungin,FLVDSLRDP,sensitive
anidulafungin,FLVESLRDP,sensitive
anidulafungin,FLVFSLRDP,resistant
anidulafungin,FLVHSLRDP,resistant
anidulafungin,FLVISLRDP,sensitive
anidulafungin,FLVLALRDP,sensitive
anidulafungin,FLVLCLRDP,resistant
anidulafungin,FLVLDLRDP,resistant
anidulafungin,FLVLELRDP,resistant
anidulafungin,FLVLFLRDP,resistant
anidulafungin,FLVLGLRDP,resistant
anidulafungin,FLVLHLRDP,resistant
anidulafungin,FLVLILRDP,resistant
anidulafungin,FLVLKLRDP,resistant
anidulafungin,FLVLLLRDP,resistant
anidulafungin,FLVLMLRDP,resistant
anidulafungin,FLVLNLRDP,resistant
anidulafungin,FLVLPLRDP,resistant
anidulafungin,FLVLQLRDP,resistant
anidulafungin,FLVLRLRDP,resistant
anidulafungin,FLVLSARDP,sensitive
anidulafungin,FLVLSCRDP,sensitive
anidulafungin,FLVLSDRDP,sensitive
anidulafungin,FLVLSERDP,sensitive
anidulafungin,FLVLSFRDP,sensitive
anidulafungin,FLVLSGRDP,sensitive
anidulafungin,FLVLSHRDP,resistant
anidulafungin,FLVLSIRDP,sensitive
anidulafungin,FLVLSKRDP,sensitive
anidulafungin,FLVLSLADP,resistant
anidulafungin,FLVLSLCDP,sensitive
anidulafungin,FLVLSLDDP,sensitive
anidulafungin,FLVLSLEDP,sensitive
anidulafungin,FLVLSLFDP,sensitive
anidulafungin,FLVLSLGDP,resistant
anidulafungin,FLVLSLIDP,sensitive
anidulafungin,FLVLSLKDP,sensitive
anidulafungin,FLVLSLLDP,sensitive
anidulafungin,FLVLSLMDP,sensitive
anidulafungin,FLVLSLNDP,resistant
anidulafungin,FLVLSLPDP,resistant
anidulafungin,FLVLSLQDP,sensitive
anidulafungin,FLVLSLRAP,resistant
anidulafungin,FLVLSLRCP,resistant
anidulafungin,FLVLSLRDA,resistant
anidulafungin,FLVLSLRDD,resistant
anidulafungin,FLVLSLRDE,resistant
anidulafungin,FLVLSLRDF,resistant
anidulafungin,FLVLSLRDG,resistant
anidulafungin,FLVLSLRDH,resistant
anidulafungin,FLVLSLRDI,resistant
anidulafungin,FLVLSLRDK,resistant
anidulafungin,FLVLSLRDL,resistant
anidulafungin,FLVLSLRDM,resistant
anidulafungin,FLVLSLRDP,sensitive
anidulafungin,FLVLSLRDR,resistant
anidulafungin,FLVLSLRDS,resistant
anidulafungin,FLVLSLRDT,resistant
anidulafungin,FLVLSLRDV,resistant
anidulafungin,FLVLSLRDW,sensitive
anidulafungin,FLVLSLRDY,resistant
anidulafungin,FLVLSLREP,resistant
anidulafungin,FLVLSLRFP,resistant
anidulafungin,FLVLSLRGP,resistant
anidulafungin,FLVLSLRHP,resistant
anidulafungin,FLVLSLRIP,resistant
anidulafungin,FLVLSLRKP,resistant
anidulafungin,FLVLSLRLP,resistant
anidulafungin,FLVLSLRMP,resistant
anidulafungin,FLVLSLRNP,resistant
anidulafungin,FLVLSLRPP,resistant
anidulafungin,FLVLSLRQP,resistant
anidulafungin,FLVLSLRRP,resistant
anidulafungin,FLVLSLRSP,resistant
anidulafungin,FLVLSLRTP,resistant
anidulafungin,FLVLSLRVP,resistant
anidulafungin,FLVLSLRWP,resistant
anidulafungin,FLVLSLRYP,resistant
anidulafungin,FLVLSLSDP,resistant
anidulafungin,FLVLSLTDP,sensitive
anidulafungin,FLVLSLVDP,sensitive
anidulafungin,FLVLSLWDP,sensitive
anidulafungin,FLVLSLYDP,sensitive
anidulafungin,FLVLSMRDP,sensitive
anidulafungin,FLVLSNRDP,sensitive
anidulafungin,FLVLSPRDP,sensitive
anidulafungin,FLVLSQRDP,resistant
anidulafungin,FLVLSRRDP,resistant
anidulafungin,FLVLSSRDP,sensitive
anidulafungin,FLVLSTRDP,sensitive
anidulafungin,FLVLSVRDP,sensitive
anidulafungin,FLVLSWRDP,resistant
anidulafungin,FLVLSYRDP,sensitive
anidulafungin,FLVLTLRDP,resistant
anidulafungin,FLVLVLRDP,resistant
anidulafungin,FLVLWLRDP,sensitive
anidulafungin,FLVLYLRDP,resistant
anidulafungin,FLVMSLRDP,sensitive
anidulafungin,FLVNSLRDP,sensitive
anidulafungin,FLVPSLRDP,sensitive
anidulafungin,FLVQSLRDP,sensitive
anidulafungin,FLVRSLRDP,sensitive
anidulafungin,FLVSSLRDP,sensitive
anidulafungin,FLVTSLRDP,sensitive
anidulafungin,FLVVSLRDP,sensitive
anidulafungin,FLVWSLRDP,resistant
anidulafungin,FLVYSLRDP,resistant
anidulafungin,FLYLSLRDP,sensitive
anidulafungin,FMVLSLRDP,sensitive
anidulafungin,FNVLSLRDP,sensitive
anidulafungin,FPVLSLRDP,sensitive
anidulafungin,FQVLSLRDP,sensitive
anidulafungin,FRVLSLRDP,resistant
anidulafungin,FSVLSLRDP,resistant
anidulafungin,FTVLSLRDP,resistant
anidulafungin,FVVLSLRDP,sensitive
anidulafungin,FWVLSLRDP,sensitive
anidulafungin,FYVLSLRDP,sensitive
anidulafungin,GLVLSLRDP,resistant
anidulafungin,HLVLSLRDP,resistant
anidulafungin,ILVLSLRDP,resistant
anidulafungin,KLVLSLRDP,resistant
anidulafungin,LLVLSLRDP,sensitive
anidulafungin,MLVLSLRDP,sensitive
anidulafungin,NLVLSLRDP,resistant
anidulafungin,PLVLSLRDP,resistant
anidulafungin,QLVLSLRDP,sensitive
anidulafungin,RLVLSLRDP,resistant
anidulafungin,SLVLSLRDP,resistant
anidulafungin,TLVLSLRDP,resistant
anidulafungin,VLVLSLRDP,resistant
anidulafungin,WLVLSLRDP,resistant
anidulafungin,YLVLSLRDP,resistant
anidulafungin,CLVLSLRDP,resistant
anidulafungin,FDVLSLRDP,sensitive
anidulafungin,FLVGSLRDP,sensitive
anidulafungin,FLVKSLRDP,resistant
anidulafungin,FLVLSLRDN,resistant
anidulafungin,FLVLSLRDQ,resistant
anidulafungin,FLWLSLRDP,resistant
